{
    "swagger": "2.0",
    "info": {
        "contact": {}
    },
    "paths": {
        "/": {
            "get": {
                "description": "get users",
                "consumes": [
                    "application/json"
                ],
                "produces": [
                    "application/json"
                ],
                "tags": [
                    "users"
                ],
                "summary": "List users",
                "responses": {}
            }
        },
        "/create": {
            "post": {
                "description": "post user",
                "consumes": [
                    "application/json"
                ],
                "produces": [
                    "application/json"
                ],
                "tags": [
                    "users"
                ],
                "summary": "new user",
                "parameters": [
                    {
                        "description": "User data",
                        "name": "user",
                        "in": "body",
                        "required": true,
                        "schema": {
                            "$ref": "#/definitions/storage.UserInput"
                        }
                    }
                ],
                "responses": {
                    "200": {
                        "description": "OK",
                        "schema": {
                            "type": "array",
                            "items": {
                                "$ref": "#/definitions/storage.User"
                            }
                        }
                    }
                }
            }
        },
        "/edit/{id}": {
            "patch": {
                "description": "updated user ID",
                "consumes": [
                    "application/json"
                ],
                "produces": [
                    "application/json"
                ],
                "tags": [
                    "users"
                ],
                "summary": "updated user ID",
                "parameters": [
                    {
                        "type": "string",
                        "description": "id",
                        "name": "id",
                        "in": "path",
                        "required": true
                    },
                    {
                        "description": "User input",
                        "name": "user",
                        "in": "body",
                        "required": true,
                        "schema": {
                            "$ref": "#/definitions/storage.UserInput"
                        }
                    }
                ],
                "responses": {}
            }
        },
        "/user/{id}": {
            "get": {
                "description": "get string by ID",
                "consumes": [
                    "application/json"
                ],
                "produces": [
                    "application/json"
                ],
                "tags": [
                    "users"
                ],
                "summary": "Show a user",
                "parameters": [
                    {
                        "type": "string",
                        "description": "ID",
                        "name": "id",
                        "in": "path",
                        "required": true
                    }
                ],
                "responses": {
                    "200": {
                        "description": "OK",
                        "schema": {
                            "type": "array",
                            "items": {
                                "$ref": "#/definitions/storage.User"
                            }
                        }
                    }
                }
            }
        }
    },
    "definitions": {
        "storage.User": {
            "type": "object",
            "required": [
                "age",
                "email",
                "firstname",
                "lastname"
            ],
            "properties": {
                "age": {
                    "type": "integer"
                },
                "created": {
                    "type": "string"
                },
                "email": {
                    "type": "string"
                },
                "firstname": {
                    "type": "string"
                },
                "id": {
                    "type": "string"
                },
                "lastname": {
                    "type": "string"
                }
            }
        },
        "storage.UserInput": {
            "type": "object",
            "required": [
                "age",
                "email",
                "firstname",
                "lastname"
            ],
            "properties": {
                "age": {
                    "type": "integer"
                },
                "email": {
                    "type": "string"
                },
                "firstname": {
                    "type": "string"
                },
                "lastname": {
                    "type": "string"
                }
            }
        }
    }
}